{
	"type": "origins:multiple",
	"hidden": true,
	"when_hit": {
		"type": "origins:self_action_when_hit",
		"entity_action": {
			"type": "origins:change_resource",
			"resource": "dunc:potential_bar",
			"change": 5
		},
		"cooldown": 5
	},
	"jumping": {
		"type": "origins:action_on_land",
		"entity_action": {
			"type": "origins:change_resource",
			"resource": "dunc:potential_bar",
			"change": 1
		},
		"condition": {
			"type": "origins:fall_distance",
			"comparison": ">",
			"compare_to": 0
		}
	},
	"running": {
		"type": "origins:action_over_time",
		"entity_action": {
			"type": "origins:change_resource",
			"resource": "dunc:potential_bar",
			"change": 1
		},
		"interval": 60,
		"condition": {
			"type": "origins:moving"
		}
	},
	"decrease": {
		"type": "origins:action_over_time",
		"entity_action": {
			"type": "origins:change_resource",
			"resource": "dunc:potential_bar",
			"change": -1
		},
		"interval": 60
	}
}