{
	"type": "origins:multiple",
	"name": "Velocity Blast [Secondary]",
	"description": "Consume some velocity to explode the area around you.",
	"blast": {
		"type": "origins:active_self",
		"entity_action": {
			"type": "origins:and",
			"actions": [
				{
					"type": "origins:explode",
					"power": 5,
					"destruction_type": "break",
					"damage_self": false,
					"create_fire": false
				},
				{
					"type": "origins:change_resource",
					"resource": "dunc:potential_bar",
					"change": -20
				}
			]
		},
		"key": {
			"key": "secondary",
			"continuous": true
		},
		"cooldown": 80,
		"hud_render": {
			"sprite_location": "origins:textures/gui/community/spiderkolo/resource_bar_02.png",
			"bar_index": 8
		},
		"condition": {
			"type": "origins:and",
			"conditions": [
				{
					"type": "origins:resource",
					"resource": "dunc:potential_bar",
					"comparison": ">=",
					"compare_to": 20
				}
			]
		}
	}
}