{
	"type": "origins:multiple",
	"name": "Velocity Jump [Primary]",
	"description": "Consume some velocity to launch yourself in a direction.",
	"jump": {
		"type": "origins:active_self",
		"entity_action": {
			"type": "origins:and",
			"actions": [
				{
					"type": "origins:add_velocity",
					"space": "local",
					"z": 1.2
				},
				{
					"type": "origins:change_resource",
					"resource": "dunc:potential_bar",
					"change": -15
				}
			]
		},
		"key": {
			"key": "primary",
			"continuous": true
		},
		"cooldown": 80,
		"hud_render": {
			"sprite_location": "origins:textures/gui/community/spiderkolo/resource_bar_02.png",
			"bar_index": 2
		},
		"condition": {
			"type": "origins:and",
			"conditions": [
				{
					"type": "origins:resource",
					"resource": "dunc:potential_bar",
					"comparison": ">=",
					"compare_to": 15
				}
			]
		}
	}
}