{
	"type": "origins:multiple",
	"name": "Wall Climb",
	"description": "Hold shift next to a block to cling to it. You can press space while holding on to wall-jump. You also take less damage from falling.",
	"cling": {
		"type": "origins:modify_falling",
		"velocity": 0.001,
		"condition": {
			"type": "origins:and",
			"conditions": [
				{
					"type": "origins:sneaking"
				},
				{
					"type": "origins:on_block",
					"inverted": true
				},
				{
					"type": "origins:or",
					"conditions": [
						{
							"type": "origins:block_collision",
							"offset_x": 0.7,
							"offset_y": 0.3,
							"offset_z": 0.7
						},
						{
							"type": "origins:block_collision",
							"offset_x": -0.7,
							"offset_y": 0.3,
							"offset_z": -0.7
						},
						{
							"type": "origins:block_collision",
							"offset_x": 0.7,
							"offset_y": -0.3,
							"offset_z": 0.7
						},
						{
							"type": "origins:block_collision",
							"offset_x": -0.7,
							"offset_y": -0.3,
							"offset_z": -0.7
						},
						{
							"type": "origins:block_collision",
							"offset_x": 0,
							"offset_y": 0.5,
							"offset_z": 0
						}
					]
				}
			]
		}
	},
	"jump": {
		"type": "origins:active_self",
		"entity_action": {
			"type": "origins:and",
			"actions": [
				{
					"type": "origins:add_velocity",
					"space": "local",
					"z": 0.5
				},
				{
					"type": "origins:exhaust",
					"amount": 0.4
				}
			]
		},
		"key": {
			"key": "key.jump",
			"continuous": false
		},
		"cooldown": 2,
		"hud_render": {
			"should_render": false
		},
		"condition": {
			"type": "origins:and",
			"conditions": [
				{
					"type": "origins:or",
					"conditions": [
						{
							"type": "origins:block_collision",
							"offset_x": 0.1,
							"offset_y": 0,
							"offset_z": 0.1
						},
						{
							"type": "origins:block_collision",
							"offset_x": -0.1,
							"offset_y": 0,
							"offset_z": -0.1
						}
					]
				},
				{
					"type": "origins:sneaking"
				}
			]
		}
	},
	"less_fall_damage": {
		"type": "origins:modify_damage_taken",
		"damage_condition": {
			"type": "origins:from_falling"
		},
		"modifier": {
			"operation": "multiply_total",
			"value": -0.5
		}
	}
}